,ML_type,Auroc,Auprc,Features,File_out
0,log_reg,0.6666397806097757,0.22243724130516582,"['TargetSequence_negative', 'Siteseq', 'Label_negative']",GGGAATCAAAATCGGTGAATNGG
1,log_reg,0.6215871337749774,0.06883314787041543,"['TargetSequence_negative', 'Siteseq', 'Label_negative']",GCCCCTGGGCCCAGATCAGGNGG
2,log_reg,0.6,0.20072529465095196,"['TargetSequence_negative', 'Siteseq', 'Label_negative']",GCGCTATGAGTTCTTTCGAGNGG
3,log_reg,0.5958005204759025,0.046713961880716776,"['TargetSequence_negative', 'Siteseq', 'Label_negative']",AGGATCAAGCCTCAAGGCTGNGG
4,log_reg,0.5792324123151522,0.10154362209398371,"['TargetSequence_negative', 'Siteseq', 'Label_negative']",CAAGGGCTGCATGACTGGCTNGG
5,log_reg,0.5651849469464216,0.0991219273089903,"['TargetSequence_negative', 'Siteseq', 'Label_negative']",GGCAGGAGGAACGGCTACCGNGG
6,log_reg,0.5294117647058824,0.06105489403068946,"['TargetSequence_negative', 'Siteseq', 'Label_negative']",GGCCAGACTGGCACCAACGGNGG
7,log_reg,0.6574985926456178,0.12745829507635592,"['TargetSequence_negative', 'Siteseq', 'Label_negative']",TGAGAAGCGACAGCCAGTGANGG
8,log_reg,0.544417339766177,0.07332828610570337,"['TargetSequence_negative', 'Siteseq', 'Label_negative']",ATCCCTGGCACTCTAGAACCNGG
9,log_reg,0.5999065857076132,0.13845801576657618,"['TargetSequence_negative', 'Siteseq', 'Label_negative']",TGTGCTAGACATGAGGTCTANGG
10,log_reg,0.5061224489795918,0.02458428200976495,"['TargetSequence_negative', 'Siteseq', 'Label_negative']",TGCTGGGGCCTTCCTCGAGGNGG
11,log_reg,0.6666666666666666,0.3334103156274057,"['TargetSequence_negative', 'Siteseq', 'Label_negative']",CTAACAGTTGCTTTTATCACNGG
12,log_reg,0.5192307692307693,0.0403104229678863,"['TargetSequence_negative', 'Siteseq', 'Label_negative']",GTATCTTCTGGCAGAGAAGGNGG
13,log_reg,0.5545484437285622,0.08181547207630632,"['TargetSequence_negative', 'Siteseq', 'Label_negative']",GGCCGGGTTCTAGAGTGCCANGG
14,log_reg,0.696612477565539,0.22408691332426184,"['TargetSequence_negative', 'Siteseq', 'Label_negative']",ATTAGGCATAGAGGACTCTCNGG
15,log_reg,0.625,0.2501063829787234,"['TargetSequence_negative', 'Siteseq', 'Label_negative']",TGGATGATTGCACTTTATCANGG
16,log_reg,0.6428571428571428,0.28653101227423344,"['TargetSequence_negative', 'Siteseq', 'Label_negative']",GGGTTCCATTACGGCCAGCGNGG
17,log_reg,0.7689015836726641,0.1531755902366754,"['TargetSequence_negative', 'Siteseq', 'Label_negative']",CTTGCCCCACAGGGCAGTAANGG
18,log_reg,0.5903176476051368,0.16242886345603177,"['TargetSequence_negative', 'Siteseq', 'Label_negative']",TGAGAAGCCTGGCTGAATTANGG
19,log_reg,0.53112028709789,0.006682177019707272,"['TargetSequence_negative', 'Siteseq', 'Label_negative']",GGGTTCTCTCTGAGTCTGTGNGG
20,log_reg,0.5869565217391304,0.17465010608979006,"['TargetSequence_negative', 'Siteseq', 'Label_negative']",TGGTAATGATGGCTTCAACANGG
21,log_reg,0.5125,0.033522354792185655,"['TargetSequence_negative', 'Siteseq', 'Label_negative']",ACTGCCAGAGCCCGCTGCCCNGG
22,log_reg,0.5240963855421686,0.053032864210179775,"['TargetSequence_negative', 'Siteseq', 'Label_negative']",GGAGAATGACGAGTGGACCCNGG
23,log_reg,0.6664468743703866,0.06688638652384876,"['TargetSequence_negative', 'Siteseq', 'Label_negative']",GGCAAGAAGCATGGCCACCGNGG
24,log_reg,1.0,1.0,"['TargetSequence_negative', 'Siteseq', 'Label_negative']",ACAATTCTAGGTACAACTTTNGG
25,log_reg,0.6110774999253085,0.17871775360697076,"['TargetSequence_negative', 'Siteseq', 'Label_negative']",GCAGCATAGTGAGCCCAGAANGG
26,log_reg,0.5538051971516799,0.07609948289212808,"['TargetSequence_negative', 'Siteseq', 'Label_negative']",GGGTGGGGGGAGTTTGCTCCNGG
27,log_reg,0.5832889756328365,0.0837766743512443,"['TargetSequence_negative', 'Siteseq', 'Label_negative']",CTGAACTCGCAGTTGGCCATNGG
28,log_reg,0.7691397042255329,0.1984716138425906,"['TargetSequence_negative', 'Siteseq', 'Label_negative']",TCTGTATCTATATTCATCATNGG
29,log_reg,0.5135135135135135,0.02965995323195645,"['TargetSequence_negative', 'Siteseq', 'Label_negative']",CCTCACTAGACTTGACCCACNGG
30,log_reg,0.5909090909090909,0.18222419075037832,"['TargetSequence_negative', 'Siteseq', 'Label_negative']",GGAATCCCTTCTGCAGCACCNGG
31,log_reg,0.5633459669553937,0.118318901250695,"['TargetSequence_negative', 'Siteseq', 'Label_negative']",AGGACCCGATGCCCAACCCCNGG
32,log_reg,0.7499318912439383,0.08336057535142202,"['TargetSequence_negative', 'Siteseq', 'Label_negative']",TGATAGAGCTACAGAACGAANGG
33,log_reg,0.6666514870923019,0.16672737943456176,"['TargetSequence_negative', 'Siteseq', 'Label_negative']",GAGAATCAAAATCGGTGAATNGG
34,log_reg,0.6782097855701723,0.12383719808455554,"['TargetSequence_negative', 'Siteseq', 'Label_negative']",GCAGAAAGCACCATGAGTGGNGG
35,log_reg,0.5558684054534677,0.09793689888881493,"['TargetSequence_negative', 'Siteseq', 'Label_negative']",AACTGAGTCCCAAGGTGGGTNGG
36,log_reg,0.5217391304347826,0.04467913423201063,"['TargetSequence_negative', 'Siteseq', 'Label_negative']",GTCATCTTAGTCATTACCTGNGG
37,log_reg,0.5227272727272727,0.047375335722541434,"['TargetSequence_negative', 'Siteseq', 'Label_negative']",GGCGCCCTGGCCAGTCGTCTNGG
38,log_reg,0.7,0.4001623464473186,"['TargetSequence_negative', 'Siteseq', 'Label_negative']",CGTAAATGCTGATATGTATCNGG
39,log_reg,0.6663522877614912,0.1437989471972912,"['TargetSequence_negative', 'Siteseq', 'Label_negative']",CTTTCCAGAGGACCTGAACANGG
40,log_reg,0.6672566154135323,0.1763529936665834,"['TargetSequence_negative', 'Siteseq', 'Label_negative']",CAGGGAAGAAGCCTGTGGCCNGG
41,log_reg,0.7152317232010569,0.15880418448494094,"['TargetSequence_negative', 'Siteseq', 'Label_negative']",AAAGGCTGCTGATGACACCTNGG
42,log_reg,0.533068495075396,0.07261498589390919,"['TargetSequence_negative', 'Siteseq', 'Label_negative']",TACCCTCTGCCACCTCCTCGNGG
43,log_reg,0.53125,0.06392126208072768,"['TargetSequence_negative', 'Siteseq', 'Label_negative']",AGGGATGAGGATTAATGTCCNGG
44,log_reg,0.6666155366942768,0.16687112383289032,"['TargetSequence_negative', 'Siteseq', 'Label_negative']",CCCAAAATTCGACCTTTTCGNGG
45,log_reg,0.5454297733578352,0.08982275845831664,"['TargetSequence_negative', 'Siteseq', 'Label_negative']",TCCATAGCCAGGGCCCCTGTNGG
46,log_reg,0.5714285714285714,0.14457299735268161,"['TargetSequence_negative', 'Siteseq', 'Label_negative']",TTGCATAAGGGTCACAGCTTNGG
47,log_reg,0.6665918648913712,0.28229371498494005,"['TargetSequence_negative', 'Siteseq', 'Label_negative']",GTTGTGTCAGAACCCAAAGCNGG
48,log_reg,0.5602911955422615,0.10388422635256223,"['TargetSequence_negative', 'Siteseq', 'Label_negative']",CTTGGGCAGTTCCAGGGACGNGG
49,log_reg,0.6050881070146514,0.0968504618811836,"['TargetSequence_negative', 'Siteseq', 'Label_negative']",TCCAGGGACGGGGCCCACAGNGG
50,log_reg,0.6,0.20041788549937317,"['TargetSequence_negative', 'Siteseq', 'Label_negative']",CCCTTGGAAGAGCTTTCGACNGG
51,log_reg,0.5535714285714286,0.10833039276892592,"['TargetSequence_negative', 'Siteseq', 'Label_negative']",AGCAGGTCTAAGATATAAGGNGG
52,log_reg,0.5624337045876425,0.10369685767097968,"['TargetSequence_negative', 'Siteseq', 'Label_negative']",GTCTGGGCGGTGCTACAACTNGG
53,log_reg,0.5142442273955715,0.024657254421319753,"['TargetSequence_negative', 'Siteseq', 'Label_negative']",GACCTGCCTACAGACCCGCCNGG
54,log_reg,0.792360717389776,0.10821906634238569,"['TargetSequence_negative', 'Siteseq', 'Label_negative']",TCCACAGCCAGCAAAGGACGNGG
55,log_reg,0.5074626865671642,0.017907749998313897,"['TargetSequence_negative', 'Siteseq', 'Label_negative']",ATTTTGTGGGGTCCAAGATANGG
56,log_reg,0.5204356613518976,0.025759380583680762,"['TargetSequence_negative', 'Siteseq', 'Label_negative']",GTCAGGGTTCTGGATATCTGNGG
57,log_reg,0.5687461388135914,0.05699669867343036,"['TargetSequence_negative', 'Siteseq', 'Label_negative']",TCTCTCAGCTGGTACACGGCNGG
58,log_reg,0.5704312549251194,0.11986700932295934,"['TargetSequence_negative', 'Siteseq', 'Label_negative']",CTGTGGAGCGGACTGGGCAGNGG
59,log_reg,0.599960919180866,0.10031252441597001,"['TargetSequence_negative', 'Siteseq', 'Label_negative']",TGATACGAAAGTTATCTCCCNGG
60,log_reg,0.564516129032258,0.13357962648556876,"['TargetSequence_negative', 'Siteseq', 'Label_negative']",TACATTGGTGGGGCCACGAGNGG
61,log_reg,0.5522471114774182,0.07477832706213093,"['TargetSequence_negative', 'Siteseq', 'Label_negative']",AGGCTTCTTCCCTGACCACGNGG
62,log_reg,0.6804279838916975,0.20026186418259953,"['TargetSequence_negative', 'Siteseq', 'Label_negative']",GACTGGGCAGCGGCCCCTGTNGG
63,log_reg,0.6999546731937267,0.26693850428899357,"['TargetSequence_negative', 'Siteseq', 'Label_negative']",GAGGTCCACCAGATTAGCTCNGG
64,log_reg,0.5833333333333334,0.16708253624996533,"['TargetSequence_negative', 'Siteseq', 'Label_negative']",GGGGTCAATGTCTACGGCTCNGG
65,log_reg,0.5294117647058824,0.06193274044946389,"['TargetSequence_negative', 'Siteseq', 'Label_negative']",GCATGTGACAGGTGAGGCACNGG
66,log_reg,0.5797300799477755,0.15954320808239747,"['TargetSequence_negative', 'Siteseq', 'Label_negative']",TTCCAGGGACGGGGCCCACANGG
67,log_reg,0.5999698904010599,0.1002408042863163,"['TargetSequence_negative', 'Siteseq', 'Label_negative']",CTTGTCAAGGCTATTGGTCANGG
68,log_reg,0.55,0.10096143574404444,"['TargetSequence_negative', 'Siteseq', 'Label_negative']",CTCTCAGCTGGTACACGGCANGG
69,log_reg,0.6666666666666666,0.33348771388138426,"['TargetSequence_negative', 'Siteseq', 'Label_negative']",ACAAGATAGTACGGAGATGCNGG
70,log_reg,0.5936618890977443,0.12652439024390244,"['TargetSequence_negative', 'Siteseq', 'Label_negative']",GAGTCAGTGACGGTACAGGANGG
71,log_reg,0.8333333333333333,0.666735679779158,"['TargetSequence_negative', 'Siteseq', 'Label_negative']",CTGTACCATAAATTTGGACCNGG
72,log_reg,0.5096153846153846,0.021167281988970933,"['TargetSequence_negative', 'Siteseq', 'Label_negative']",TCAGGGTTCTGGATATCTGTNGG
73,log_reg,0.5743250218659937,0.12071212238770768,"['TargetSequence_negative', 'Siteseq', 'Label_negative']",GTGGTCAGGGAAGAAGCCTGNGG
74,log_reg,0.5901639344262295,0.18195600301071366,"['TargetSequence_negative', 'Siteseq', 'Label_negative']",GGAGCAGGTGATGTTGACGGNGG
75,log_reg,0.5937435155885251,0.1407935597220061,"['TargetSequence_negative', 'Siteseq', 'Label_negative']",CCAAGACCTTCTCCTACCTTNGG
76,log_reg,0.5238095238095238,0.047876782899141435,"['TargetSequence_negative', 'Siteseq', 'Label_negative']",AAAATATCAAGTATATATGGNGG
77,log_reg,0.5873153775217881,0.12448347865055491,"['TargetSequence_negative', 'Siteseq', 'Label_negative']",GCTGGTACACGGCAGGGTCANGG
78,log_reg,0.5835151933701658,0.1426995511319282,"['TargetSequence_negative', 'Siteseq', 'Label_negative']",GGACTGGGCAGCGGCCCCTGNGG
79,log_reg,0.5909090909090909,0.1828525456844041,"['TargetSequence_negative', 'Siteseq', 'Label_negative']",GGGTACGATAAACTTCTTCCNGG
80,log_reg,0.5278536945352387,0.033251633327617554,"['TargetSequence_negative', 'Siteseq', 'Label_negative']",GGTGCACAGTGGGGTCAGCANGG
81,log_reg,0.5126811594202898,0.03810932163639073,"['TargetSequence_negative', 'Siteseq', 'Label_negative']",GGGGCCACTAGGGACAGGATNGG
82,log_reg,0.5999692175090808,0.10024618414574102,"['TargetSequence_negative', 'Siteseq', 'Label_negative']",GTCATGTGCTGCAAGATTACNGG
83,log_reg,0.5277777777777778,0.05637353178612862,"['TargetSequence_negative', 'Siteseq', 'Label_negative']",AGTACTCATTCTCACTGAGTNGG
84,log_reg,0.5635452142425071,0.1033432456251248,"['TargetSequence_negative', 'Siteseq', 'Label_negative']",AGAGTCTCTCAGCTGGTACANGG
85,log_reg,0.5833333333333334,0.167192429022082,"['TargetSequence_negative', 'Siteseq', 'Label_negative']",GCACCTATAGATTACTATCCNGG
86,log_reg,0.625,0.2505540166204986,"['TargetSequence_negative', 'Siteseq', 'Label_negative']",CACCCAGACGAATTGTACGTNGG
87,log_reg,0.5625,0.12522863488641744,"['TargetSequence_negative', 'Siteseq', 'Label_negative']",AAATATCAAGTATATATGGTNGG
